[
  {
    "id": 1,
    "href": "https://www.friendstamilmp3.in/songs2/Instrumental Collections/A R Rahman Instrumental Collections/A R Rahman Instrumental Collections 1/",
    "name": "A R Rahman Instrumental Collections 1"
  },
  {
    "id": 2,
    "href": "https://www.friendstamilmp3.in/songs2/Instrumental Collections/Flute Instrumental Collections/Flute Instrumental Songs 1 - Flute Siva/",
    "name": "Flute Instrumental Collections 1"
  },
  {
    "id": 3,
    "href": "https://www.friendstamilmp3.in/songs2/Instrumental Collections/Flute Instrumental Collections/Flute Instrumental Songs 2 - Flute Siva/",
    "name": "Flute Instrumental Collections 2"
  },
  {
    "id": 4,
    "href": "https://www.friendstamilmp3.in/songs2/Instrumental Collections/ILaiyaraja Instrumental Collections/ILaiyaraja Instrumental Collections 1/",
    "name": "ILaiyaraja Instrumental Collections 1"
  }
]