[
    {
        "id": 1,
        "href": "https://www.friendstamilmp3.in/songs2/Music%20Director%20Hits/A.R.Rahman%20Hits-1%20(Soulful%20Melodies)/",
        "name": "A.R.Rahman Hits-1 (Soulful Melodies)"
    },
    {
        "id": 2,
        "href": "https://www.friendstamilmp3.in/songs2/Music%20Director%20Hits/A.R.Rahman%20Hits-2%20(Mesmerizing%20Melody%20Hits)",
        "name": "A.R.Rahman Hits-2 (Mesmerizing Melody Hits)"
    },
    {
        "id": 3,
        "href": "https://www.friendstamilmp3.in/songs2/Music%20Director%20Hits/A.R.Rahman%20Hits-3",
        "name": "A.R.Rahman Hits-3"
    },
    {
        "id": 4,
        "href": "https://www.friendstamilmp3.in/songs2/Music%20Director%20Hits/A.R.Rahman%20Hits-4",
        "name": "A.R.Rahman Hits-4"
    },
    {
        "id": 5,
        "href": "https://www.friendstamilmp3.in/songs2/Music%20Director%20Hits/Anirudh%20Ravichander%20Hits",
        "name": "Anirudh Ravichander Hits"
    },
    {
        "id": 6,
        "href": "https://www.friendstamilmp3.in/songs2/Music%20Director%20Hits/D.Imman%20Hits",
        "name": "D.Imman Hits"
    },
    {
        "id": 7,
        "href": "https://www.friendstamilmp3.in/songs2/Music%20Director%20Hits/Deva%20Hits%20(Beats)",
        "name": "Deva Hits (Beats)"
    },
    {
        "id": 8,
        "href": "https://www.friendstamilmp3.in/songs2/Music%20Director%20Hits/Deva%20Hits%20(Melodies)",
        "name": "Deva Hits (Melodies)"
    },
    {
        "id": 9,
        "href": "https://www.friendstamilmp3.in/songs2/Music%20Director%20Hits/Devi%20Sri%20Prasad%20Hits",
        "name": "Devi Sri Prasad Hits"
    },
    {
        "id": 10,
        "href": "https://www.friendstamilmp3.in/songs2/Music%20Director%20Hits/G.V.Prakash%20Hits",
        "name": "G.V.Prakash Hits"
    },
    {
        "id": 11,
        "href": "https://www.friendstamilmp3.in/songs2/Music%20Director%20Hits/Harish%20Jeyaraj%20Hits",
        "path": "http://www.friendstamilmp3.in/songs2/Music%20Director%20Hits/Harish%20Jeyaraj%20Hits/",
        "name": "Harish Jeyaraj Hits"
    },
    {
        "id": 12,
        "href": "https://www.friendstamilmp3.in/songs2/Music%20Director%20Hits/Hiphop%20Tamizha%20Hits",
        "name": "Hiphop Tamizha Hits"
    },
    {
        "id": 13,
        "href": "https://www.friendstamilmp3.in/songs2/Music%20Director%20Hits/ILaiyaraja%20Hits-1%20(Late%2070s)",
        "name": "ILaiyaraja Hits-1 (Late 70s)"
    },
    {
        "id": 14,
        "href": "https://www.friendstamilmp3.in/songs2/Music%20Director%20Hits/ILaiyaraja%20Hits-2%20(Early%2080s)",
        "name": "ILaiyaraja Hits-2 (Early 80s)"
    },
    {
        "id": 15,
        "href": "https://www.friendstamilmp3.in/songs2/Music%20Director%20Hits/ILaiyaraja%20Hits-3%20(Early%2080s)",
        "name": "ILaiyaraja Hits-3 (Early 80s)"
    },
    {
        "id": 16,
        "href": "https://www.friendstamilmp3.in/songs2/Music%20Director%20Hits/ILaiyaraja%20Hits-4%20(Late%2080s)",
        "name": "ILaiyaraja Hits-4 (Late 80s)"
    },
    {
        "id": 17,
        "href": "https://www.friendstamilmp3.in/songs2/Music%20Director%20Hits/ILaiyaraja%20Hits-5%20(90s%20Melodies)",
        "name": "ILaiyaraja Hits-5 (90s Melodies)"
    },
    {
        "id": 18,
        "href": "https://www.friendstamilmp3.in/songs2/Music%20Director%20Hits/ILaiyaraja%20Hits-6%20(90s%20Hits)",
        "name": "ILaiyaraja Hits-6 (90s Hits)"
    },
    {
        "id": 19,
        "href": "https://www.friendstamilmp3.in/songs2/Music%20Director%20Hits/ILaiyaraja%20Hits-7%20(90s%20Beats)",
        "name": "ILaiyaraja Hits-7 (90s Beats)"
    },
    {
        "id": 20,
        "href": "https://www.friendstamilmp3.in/songs2/Music%20Director%20Hits/ILaiyaraja%20Hits-8%20(After%202000)",
        "name": "ILaiyaraja Hits-8 (After 2000)"
    },
    {
        "id": 21,
        "href": "https://www.friendstamilmp3.in/songs2/Music%20Director%20Hits/Manisarma%20Hits",
        "name": "Manisarma Hits"
    },
    {
        "id": 22,
        "href": "https://www.friendstamilmp3.in/songs2/Music%20Director%20Hits/S.A.Rajkumar%20Hits",
        "name": "S.A.Rajkumar Hits"
    },
    {
        "id": 23,
        "href": "https://www.friendstamilmp3.in/songs2/Music%20Director%20Hits/Santhosh%20Narayanan%20Hits",
        "name": "Santhosh Narayanan Hits"
    },
    {
        "id": 24,
        "href": "https://www.friendstamilmp3.in/songs2/Music%20Director%20Hits/Sirpy%20Hits",
        "name": "Sirpy Hits"
    },
    {
        "id": 25,
        "href": "https://www.friendstamilmp3.in/songs2/Music%20Director%20Hits/Vidhyasagar%20Hits",
        "path": "https://www.friendstamilmp3.in/songs2/Music%20Director%20Hits/Vidhyasagar%20Hits/",
        "name": "Vidhyasagar Hits"
    },
    {
        "id": 26,
        "href": "https://www.friendstamilmp3.in/songs2/Music%20Director%20Hits/Vijay%20Antony%20Hits",
        "path": "http://www.friendstamilmp3.in/songs2/Music%20Director%20Hits/Vijay%20Antony%20Hits/",
        "name": "Vijay Antony Hits"
    },
    {
        "id": 27,
        "href": "https://www.friendstamilmp3.in/songs2/Music%20Director%20Hits/Yuvan%20Shankar%20Raja%20Hits%201",
        "path": "https://www.friendstamilmp3.in/songs2/Music%20Director%20Hits/Yuvan%20Shankar%20Raja%20Hits%201/",
        "name": "Yuvan Shankar Raja Hits 1"
    },
    {
        "id": 28,
        "href": "https://www.friendstamilmp3.in/songs2/Music%20Director%20Hits/Yuvan%20Shankar%20Raja%20Hits%202",
        "path": "http://www.friendstamilmp3.in/songs2/Music%20Director%20Hits/Yuvan%20Shankar%20Raja%20Hits%202/",
        "name": "Yuvan Shankar Raja Hits 2"
    },
    {
        "id": 29,
        "href": "https://www.friendstamilmp3.in/songs2/Music%20Director%20Hits/Yuvan%20Shankar%20Raja%20Hits%203",
        "path": "",
        "name": "Yuvan Shankar Raja Hits 3"
    }
]