[
    {
        "id": 1,
        "href": "https://www.friendstamilmp3.in/songs2/Ring Tones/New Movies Ring Tone/Kumki - Ring Tones/",
        "name": "Kumki - Ring Tones"
    },
    {
        "id": 2,
        "href": "https://www.friendstamilmp3.in/songs2/Ring Tones/New Movies Ring Tone/Neethane En Ponvasantham - Ring Tones/",
        "name": "Neethane En Ponvasantham - Ring Tones"
    },
    {
        "id": 3,
        "href": "https://www.friendstamilmp3.in/songs2/Ring Tones/New Movies Ring Tone/Thaandavam - Ring Tones/",
        "name": "Thaandavam - Ring Tones"
    },
    {
        "id": 4,
        "href": "https://www.friendstamilmp3.in/songs2/Ring Tones/New Movies Ring Tone/Thupakki - Ring Tones/",
        "name": "Thupakki - Ring Tones"
    }
]