[
    {
        "id": 1,
        "href": "https://www.friendstamilmp3.in/songs2/Ring%20Tones/A.R.Rahman%20Ringtones%20%20(Instrumental)/",
        "name": "A.R.Rahman Ringtones  (Instrumental)"
    },
    {
        "id": 2,
        "href": "https://www.friendstamilmp3.in/songs2/Ring%20Tones/Comedy%20Ring%20Tones%20(Vadivel%20Dialogues)/",
        "name": "Comedy Ring Tones (Vadivel Dialogues)"
    },
    {
        "id": 3,
        "href": "https://www.friendstamilmp3.in/songs2/Ring%20Tones/Cool%20Ringtones%20(High%20Quality)/",
        "name": "Cool Ringtones (High Quality)"
    },
    {
        "id": 4,
        "href": "https://www.friendstamilmp3.in/songs2/Ring%20Tones/ILaiyaraja%20Ringtones%20(Instrumental)/",
        "name": "ILaiyaraja Ringtones (Instrumental)"
    },
    {
        "id": 5,
        "href": "https://www.friendstamilmp3.in/songs2/Ring%20Tones/Message%20Tones%20(SMS%20Tones)/",
        "name": "Message Tones (SMS Tones)"
    },
    {
        "id": 6,
        "href": "https://www.friendstamilmp3.in/songs2/Ring%20Tones/New%20Movies%20Ring%20Tone/",
        "name": "New Movies Ring Tone"
    }
]