[
    {
        "id": 1,
        "href": "https://www.friendstamilmp3.in/songs2/Singer%20Hits/A.R.Rahman%20Hits",
        "name": "A.R.Rahman Hits"
    },
    {
        "id": 2,
        "href": "https://www.friendstamilmp3.in/songs2/Singer%20Hits/Harini%20Hits",
        "name": "Harini Hits"
    },
    {
        "id": 3,
        "href": "https://www.friendstamilmp3.in/songs2/Singer%20Hits/Saindhavi%20Hits",
        "name": "Saindhavi Hits"
    },
    {
        "id": 4,
        "href": "https://www.friendstamilmp3.in/songs2/Singer%20Hits/Anirudh%20Ravichander%20(Singer)%20Hits",
        "name": "Anirudh Ravichander (Singer) Hits"
    },
    {
        "id": 5,
        "href": "https://www.friendstamilmp3.in/songs2/Singer%20Hits/Harish%20Ragavendra%20Hits",
        "name": "Harish Ragavendra Hits"
    },
    {
        "id": 6,
        "href": "https://www.friendstamilmp3.in/songs2/Singer%20Hits/Sean%20Roldan%20Hits",
        "name": "Sean Roldan Hits"
    },
    {
        "id": 7,
        "href": "https://www.friendstamilmp3.in/songs2/Singer%20Hits/Anuradha%20Sriram%20Hits",
        "name": "Anuradha Sriram Hits"
    },
    {
        "id": 8,
        "href": "https://www.friendstamilmp3.in/songs2/Singer%20Hits/ILayaraja%20Hits",
        "name": "ILayaraja Hits"
    },
    {
        "id": 9,
        "href": "https://www.friendstamilmp3.in/songs2/Singer%20Hits/Shreya%20Ghoshal%20-%20Solo%20Hits",
        "name": "Shreya Ghoshal - Solo Hits"
    },
    {
        "id": 10,
        "href": "https://www.friendstamilmp3.in/songs2/Singer%20Hits/Arunmozhi%20Hits",
        "name": "Arunmozhi Hits"
    },
    {
        "id": 11,
        "href": "https://www.friendstamilmp3.in/songs2/Singer%20Hits/K.J%20Jesudas%20Hits",
        "name": "K.J Jesudas Hits"
    },
    {
        "id": 12,
        "href": "https://www.friendstamilmp3.in/songs2/Singer%20Hits/Shreya%20Ghoshal%20Hits",
        "name": "Shreya Ghoshal Hits"
    },
    {
        "id": 13,
        "href": "https://www.friendstamilmp3.in/songs2/Singer%20Hits/BennyDayal%20Hits",
        "name": "BennyDayal Hits"
    },
    {
        "id": 14,
        "href": "https://www.friendstamilmp3.in/songs2/Singer%20Hits/Kamal%20Haasan%20(Singer)%20Hits",
        "name": "Kamal Haasan (Singer) Hits"
    },
    {
        "id": 15,
        "href": "https://www.friendstamilmp3.in/songs2/Singer%20Hits/Sid%20Sriram%20Hits",
        "name": "Sid Sriram Hits"
    },
    {
        "id": 16,
        "href": "https://www.friendstamilmp3.in/songs2/Singer%20Hits/Chinmayi%20Hits%20-%20Solo%20Hits",
        "name": "Chinmayi Hits - Solo Hits"
    },
    {
        "id": 17,
        "href": "https://www.friendstamilmp3.in/songs2/Singer%20Hits/Karthik%20Hits%201%20(Solo%20Songs)",
        "name": "Karthik Hits 1 (Solo Songs)"
    },
    {
        "id": 18,
        "href": "https://www.friendstamilmp3.in/songs2/Singer%20Hits/Simbu%20(Singer)%20Hits",
        "name": "Simbu (Singer) Hits"
    },
    {
        "id": 19,
        "href": "https://www.friendstamilmp3.in/songs2/Singer%20Hits/Chinmayi%20Hits1%20-%20Before%202012",
        "name": "Chinmayi Hits1 - Before 2012"
    },
    {
        "id": 20,
        "href": "https://www.friendstamilmp3.in/songs2/Singer%20Hits/Karthik%20Hits%202%20(Melodies)",
        "name": "Karthik Hits 2 (Melodies)"
    },
    {
        "id": 21,
        "href": "https://www.friendstamilmp3.in/songs2/Singer%20Hits/Srinivas%20Hits",
        "name": "Srinivas Hits"
    },
    {
        "id": 22,
        "href": "https://www.friendstamilmp3.in/songs2/Singer%20Hits/Chinmayi%20Hits2%20-%20After%202012",
        "name": "Chinmayi Hits2 - After 2012"
    },
    {
        "id": 23,
        "href": "https://www.friendstamilmp3.in/songs2/Singer%20Hits/Karthik%20Hits%203",
        "name": "Karthik Hits 3"
    },
    {
        "id": 24,
        "href": "https://www.friendstamilmp3.in/songs2/Singer%20Hits/Sujatha%20Hits",
        "name": "Sujatha Hits"
    },
    {
        "id": 25,
        "href": "https://www.friendstamilmp3.in/songs2/Singer%20Hits/Chithra%20Hits%201",
        "name": "Chithra Hits 1"
    },
    {
        "id": 26,
        "href": "https://www.friendstamilmp3.in/songs2/Singer%20Hits/Malaysia%20Vasudevan-Duet%20Hits",
        "name": "Malaysia Vasudevan-Duet Hits"
    },
    {
        "id": 27,
        "href": "https://www.friendstamilmp3.in/songs2/Singer%20Hits/Swarnalatha%20Hits",
        "name": "Swarnalatha Hits"
    },
    {
        "id": 28,
        "href": "https://www.friendstamilmp3.in/songs2/Singer%20Hits/Chithra%20Hits%202",
        "name": "Chithra Hits 2"
    },
    {
        "id": 29,
        "href": "https://www.friendstamilmp3.in/songs2/Singer%20Hits/Malaysia%20Vasudevan-Solo%20Hits",
        "name": "Malaysia Vasudevan-Solo Hits"
    },
    {
        "id": 30,
        "href": "https://www.friendstamilmp3.in/songs2/Singer%20Hits/Tippu%20Hits",
        "name": "Tippu Hits"
    },
    {
        "id": 31,
        "href": "https://www.friendstamilmp3.in/songs2/Singer%20Hits/Chithra%20Hits%203",
        "name": "Chithra Hits 3"
    },
    {
        "id": 32,
        "href": "https://www.friendstamilmp3.in/songs2/Singer%20Hits/Naresh%20Iyer%20Hits",
        "name": "Naresh Iyer Hits"
    },
    {
        "id": 33,
        "href": "https://www.friendstamilmp3.in/songs2/Singer%20Hits/Udit%20Narayan%20Hits",
        "name": "Udit Narayan Hits"
    },
    {
        "id": 34,
        "href": "https://www.friendstamilmp3.in/songs2/Singer%20Hits/Deva%20(Singer)%20Hits",
        "name": "Deva (Singer) Hits"
    },
    {
        "id": 35,
        "href": "https://www.friendstamilmp3.in/songs2/Singer%20Hits/P%20Jayachandran%20Hits",
        "name": "P Jayachandran Hits"
    },
    {
        "id": 36,
        "href": "https://www.friendstamilmp3.in/songs2/Singer%20Hits/Unni%20Krishnan%20Hits",
        "name": "Unni Krishnan Hits"
    },
    {
        "id": 37,
        "href": "https://www.friendstamilmp3.in/songs2/Singer%20Hits/Dhanush%20(Singer)%20Hits",
        "name": "Dhanush (Singer) Hits"
    },
    {
        "id": 38,
        "href": "https://www.friendstamilmp3.in/songs2/Singer%20Hits/S.Janagi%20Hits",
        "name": "S.Janagi Hits"
    },
    {
        "id": 39,
        "href": "https://www.friendstamilmp3.in/songs2/Singer%20Hits/Unni%20Menon%20Hits",
        "name": "Unni Menon Hits"
    },
    {
        "id": 40,
        "href": "https://www.friendstamilmp3.in/songs2/Singer%20Hits/Haricharan%20%20Hits",
        "name": "Haricharan  Hits"
    },
    {
        "id": 41,
        "href": "https://www.friendstamilmp3.in/songs2/Singer%20Hits/S.P.Balasubramaniyam%20Hits",
        "name": "S.P.Balasubramaniyam Hits"
    },
    {
        "id": 42,
        "href": "https://www.friendstamilmp3.in/songs2/Singer%20Hits/Uthara%20Unnikrishnan%20Hits",
        "name": "Uthara Unnikrishnan Hits"
    },
    {
        "id": 43,
        "href": "https://www.friendstamilmp3.in/songs2/Singer%20Hits/Hariharan%20Hits",
        "name": "Hariharan Hits"
    },
    {
        "id": 44,
        "href": "https://www.friendstamilmp3.in/songs2/Singer%20Hits/Sadhana%20Sargam%20Hits",
        "name": "Sadhana Sargam Hits"
    },
    {
        "id": 45,
        "href": "https://www.friendstamilmp3.in/songs2/Singer%20Hits/Yuvan%20Shangar%20Raja%20Hits",
        "name": "Yuvan Shangar Raja Hits"
    }
]