[
    {
        "id": 1,
        "href": "https://www.friendstamilmp3.in/songs2/Star%20Hits/Ajith%20Hits/",
        "name": "Ajith Hits"
    },
    {
        "id": 2,
        "href": "https://www.friendstamilmp3.in/songs2/Star%20Hits/Arjun%20Beats",
        "name": "Arjun Beats"
    },
    {
        "id": 3,
        "href": "https://www.friendstamilmp3.in/songs2/Star%20Hits/Arjun%20Melodies",
        "name": "Arjun Melodies"
    },
    {
        "id": 4,
        "href": "https://www.friendstamilmp3.in/songs2/Star%20Hits/Arya%20Hits",
        "name": "Arya Hits"
    },
    {
        "id": 5,
        "href": "https://www.friendstamilmp3.in/songs2/Star%20Hits/Bhaghyaraj%20Hits",
        "name": "Bhaghyaraj Hits"
    },
    {
        "id": 6,
        "href": "https://www.friendstamilmp3.in/songs2/Star%20Hits/Dhanush%20Hits",
        "name": "Dhanush Hits"
    },
    {
        "id": 7,
        "href": "https://www.friendstamilmp3.in/songs2/Star%20Hits/Jeeva%20Hits",
        "name": "Jeeva Hits"
    },
    {
        "id": 8,
        "href": "https://www.friendstamilmp3.in/songs2/Star%20Hits/Jeyam%20Ravi%20Hits",
        "name": "Jeyam Ravi Hits"
    },
    {
        "id": 9,
        "href": "https://www.friendstamilmp3.in/songs2/Star%20Hits/Kamal%20Hits%201%20(Before%201986)",
        "name": "Kamal Hits 1 (Before 1986)"
    },
    {
        "id": 10,
        "href": "https://www.friendstamilmp3.in/songs2/Star%20Hits/Kamal%20Hits%202%20(After%201986)",
        "name": "Kamal Hits 2 (After 1986)"
    },
    {
        "id": 11,
        "href": "https://www.friendstamilmp3.in/songs2/Star%20Hits/Karthik%20Hits",
        "name": "Karthik Hits"
    },
    {
        "id": 12,
        "href": "https://www.friendstamilmp3.in/songs2/Star%20Hits/Madhavan%20Hits",
        "name": "Madhavan Hits"
    },
    {
        "id": 13,
        "href": "https://www.friendstamilmp3.in/songs2/Star%20Hits/Mohan%20Hits%201",
        "name": "Mohan Hits 1"
    },
    {
        "id": 14,
        "href": "https://www.friendstamilmp3.in/songs2/Star%20Hits/Mohan%20Hits%202",
        "name": "Mohan Hits 2"
    },
    {
        "id": 15,
        "href": "https://www.friendstamilmp3.in/songs2/Star%20Hits/Murali%20Hits",
        "name": "Murali Hits"
    },
    {
        "id": 16,
        "href": "https://www.friendstamilmp3.in/songs2/Star%20Hits/Prashanth%20Beats",
        "name": "Prashanth Beats"
    },
    {
        "id": 17,
        "href": "https://www.friendstamilmp3.in/songs2/Star%20Hits/Prashanth%20Melodies",
        "name": "Prashanth Melodies"
    },
    {
        "id": 18,
        "href": "https://www.friendstamilmp3.in/songs2/Star%20Hits/Rajini%20Hits%201%20(Before%201986)",
        "name": "Rajini Hits 1 (Before 1986)"
    },
    {
        "id": 19,
        "href": "https://www.friendstamilmp3.in/songs2/Star%20Hits/Rajini%20Hits%202%20(After%201986)",
        "name": "Rajini Hits 2 (After 1986)"
    },
    {
        "id": 20,
        "href": "https://www.friendstamilmp3.in/songs2/Star%20Hits/Ramarajan%20Hits",
        "name": "Ramarajan Hits"
    },
    {
        "id": 21,
        "href": "https://www.friendstamilmp3.in/songs2/Star%20Hits/Sathyaraj%20Hits",
        "name": "Sathyaraj Hits"
    },
    {
        "id": 22,
        "href": "https://www.friendstamilmp3.in/songs2/Star%20Hits/Simbu%20Hits",
        "name": "Simbu Hits"
    },
    {
        "id": 23,
        "href": "https://www.friendstamilmp3.in/songs2/Star%20Hits/Surya%20Hits",
        "name": "Surya Hits"
    },
    {
        "id": 24,
        "href": "https://www.friendstamilmp3.in/songs2/Star%20Hits/T.Rajendar%20Hits",
        "name": "T.Rajendar Hits"
    },
    {
        "id": 25,
        "href": "https://www.friendstamilmp3.in/songs2/Star%20Hits/Vijay%20Beats",
        "name": "Vijay Beats"
    },
    {
        "id": 26,
        "href": "https://www.friendstamilmp3.in/songs2/Star%20Hits/Vijay%20Melodies",
        "name": "Vijay Melodies"
    },
    {
        "id": 27,
        "href": "https://www.friendstamilmp3.in/songs2/Star%20Hits/Vijayakanth%20Hits",
        "name": "Vijayakanth Hits"
    },
    {
        "id": 28,
        "href": "https://www.friendstamilmp3.in/songs2/Star%20Hits/Vikram%20Hits",
        "name": "Vikram Hits"
    },
    {
        "id": 29,
        "href": "https://www.friendstamilmp3.in/songs2/Star%20Hits/Vishal%20Hits",
        "name": "Vishal Hits"
    }
]