[
    {
        "id": 1,
        "href": "https://www.friendstamilmp3.in/songs2/Old%20Collections/M.G.R.%20Ever%20Green%20Hits%201/",
        "name": "M.G.R. Ever Green Hits 1"
    },
    {
        "id": 2,
        "href": "https://www.friendstamilmp3.in/songs2/Old%20Collections/M.G.R.%20Ever%20Green%20Hits%202/",
        "name": "M.G.R. Ever Green Hits 2"
    },
    {
        "id": 3,
        "href": "https://www.friendstamilmp3.in/songs2/Old%20Collections/Old%20Collections%201/",
        "name": "Old Collections 1"
    },
    {
        "id": 4,
        "href": "https://www.friendstamilmp3.in/songs2/Old%20Collections/Old%20Collections%202/",
        "name": "Old Collections 2"
    },
    {
        "id": 5,
        "href": "https://www.friendstamilmp3.in/songs2/Old%20Collections/Old%20Is%20Gold%201/",
        "name": "Old Is Gold 1"
    },
    {
        "id": 6,
        "href": "https://www.friendstamilmp3.in/songs2/Old%20Collections/Sad%20Songs%20%28Old%29%201/",
        "name": "Sad Songs (Old) 1"
    },
    {
        "id": 7,
        "href": "https://www.friendstamilmp3.in/songs2/Old%20Collections/Sad%20Songs%20%28Old%29%202/",
        "name": "Sad Songs (Old) 2"
    },
    {
        "id": 8,
        "href": "https://www.friendstamilmp3.in/songs2/Old%20Collections/Sivaji%20Ganesan%20-Golden%20Hits/",
        "name": "Sivaji Ganesan -Golden Hits"
    }
]