[
    {
        "id": 1,
        "href": "https://www.friendstamilmp3.in/songs2/Old%20Hits%20(Singers)/A.L.Ragavan%20Hits/",
        "name": "A.L.Ragavan Hits"
    },
    {
        "id": 2,
        "href": "https://www.friendstamilmp3.in/songs2/Old%20Hits%20(Singers)/A.M.Raja%20Hits/",
        "name": "A.M.Raja Hits"
    },
    {
        "id": 3,
        "href": "https://www.friendstamilmp3.in/songs2/Old%20Hits%20(Singers)/C.S.Jeyaraman%20Hits/",
        "name": "C.S.Jeyaraman Hits"
    },
    {
        "id": 4,
        "href": "https://www.friendstamilmp3.in/songs2/Old%20Hits%20(Singers)/Chandra%20Babu%20Hits/",
        "name": "Chandra Babu Hits"
    },
    {
        "id": 5,
        "href": "https://www.friendstamilmp3.in/songs2/Old%20Hits%20(Singers)/Dr.Seergali%20Govindha%20Rajan%20Hits/",
        "name": "Dr.Seergali Govindha Rajan Hits"
    },
    {
        "id": 6,
        "href": "https://www.friendstamilmp3.in/songs2/Old%20Hits%20(Singers)/Ghantasala%20Hits/",
        "name": "Ghantasala Hits"
    },
    {
        "id": 7,
        "href": "https://www.friendstamilmp3.in/songs2/Old%20Hits%20(Singers)/Jeyachanthiran%20Hits/",
        "name": "Jeyachanthiran Hits"
    },
    {
        "id": 8,
        "href": "https://www.friendstamilmp3.in/songs2/Old%20Hits%20(Singers)/K.B.Sundharambal%20Hits/",
        "name": "K.B.Sundharambal Hits"
    },
    {
        "id": 9,
        "href": "https://www.friendstamilmp3.in/songs2/Old%20Hits%20(Singers)/Kannadhasan%20Hits/",
        "name": "Kannadhasan Hits"
    },
    {
        "id": 10,
        "href": "https://www.friendstamilmp3.in/songs2/Old%20Hits%20(Singers)/L.R.Eeshwari%20Hits/",
        "name": "L.R.Eeshwari Hits"
    },
    {
        "id": 11,
        "href": "https://www.friendstamilmp3.in/songs2/Old%20Hits%20(Singers)/M.K.Thyagaraja%20Bagavathar%20Hits/",
        "name": "M.K.Thyagaraja Bagavathar Hits"
    },
    {
        "id": 12,
        "href": "https://www.friendstamilmp3.in/songs2/Old%20Hits%20(Singers)/N.S.Krishnan%20Hits/",
        "name": "N.S.Krishnan Hits"
    },
    {
        "id": 13,
        "href": "https://www.friendstamilmp3.in/songs2/Old%20Hits%20(Singers)/P.B.Srinivas%20hits/",
        "name": "P.B.Srinivas hits"
    },
    {
        "id": 14,
        "href": "https://www.friendstamilmp3.in/songs2/Old%20Hits%20(Singers)/P.Susheela%20Hits/",
        "name": "P.Susheela Hits"
    },
    {
        "id": 15,
        "href": "https://www.friendstamilmp3.in/songs2/Old%20Hits%20(Singers)/S.G.Kittappa%20Hits/",
        "name": "S.G.Kittappa Hits"
    },
    {
        "id": 16,
        "href": "https://www.friendstamilmp3.in/songs2/Old%20Hits%20(Singers)/S.Janagi%20%28Old%29%20Hits/",
        "name": "S.Janagi (Old) Hits"
    },
    {
        "id": 17,
        "href": "https://www.friendstamilmp3.in/songs2/Old%20Hits%20(Singers)/S.P.B.%28Old%29%20Hits/",
        "name": "S.P.B.(Old) Hits"
    },
    {
        "id": 18,
        "href": "https://www.friendstamilmp3.in/songs2/Old%20Hits%20(Singers)/T.M.Soundar%20Rajan%20Hits/",
        "name": "T.M.Soundar Rajan Hits"
    },
    {
        "id": 19,
        "href": "https://www.friendstamilmp3.in/songs2/Old%20Hits%20(Singers)/T.R.Mahalingam%20Hits/",
        "name": "T.R.Mahalingam Hits"
    },
    {
        "id": 20,
        "href": "https://www.friendstamilmp3.in/songs2/Old%20Hits%20(Singers)/Thiruchi%20Loganathan%20Hits/",
        "name": "Thiruchi Loganathan Hits"
    },
    {
        "id": 21,
        "href": "https://www.friendstamilmp3.in/songs2/Old%20Hits%20(Singers)/Vani%20Jeyaram%20Hits/",
        "name": "Vani Jeyaram Hits"
    }
]